Date,Birth rate
1960-01-01,36.271
1961-01-01,35
1962-01-01,34
1963-01-01,33.5
1964-01-01,30.7
1965-01-01,28.1
1966-01-01,25.3
1967-01-01,23.7
1968-01-01,21.7
1969-01-01,21.3
1970-01-01,20
1971-01-01,19.7
1972-01-01,19.5
1973-01-01,19.4
1974-01-01,19.1
1975-01-01,17.9
1976-01-01,17.4
1977-01-01,17.5
1978-01-01,17.3
1979-01-01,16.8
1980-01-01,17
1981-01-01,16.8
1982-01-01,16.4
1983-01-01,15.6
1984-01-01,14.4
1985-01-01,14
1986-01-01,13
1987-01-01,12.6
1988-01-01,13.4
1989-01-01,12.3
1990-01-01,12
1991-01-01,12
1992-01-01,12.3
1993-01-01,12
1994-01-01,11.9
1995-01-01,11.2
1996-01-01,9.9
1997-01-01,9.1
1998-01-01,8.1
1999-01-01,7.8
2000-01-01,8.1
2001-01-01,7.2
2002-01-01,7.1
2003-01-01,6.9
2004-01-01,7.2
2005-01-01,8.4
2006-01-01,9.6
2007-01-01,10.2
2008-01-01,11.3
2009-01-01,11.8
2010-01-01,12.6
2011-01-01,13.5
2012-01-01,12.8
2013-01-01,8
2014-01-01,8.6
2015-01-01,8.2
2016-01-01,8.3
2017-01-01,7.6
2018-01-01,7.2
2019-01-01,7
2020-01-01,5.8
2021-01-01,5
2022-01-01,4.4
2023-01-01,4.4
2024-01-01,4.9
