Date,Increase/Decrease
1980-10-01,20.0849
1981-01-01,18.2434
1981-04-01,16.7657
1981-07-01,6.6207
1981-10-01,-6.0189
1982-01-01,-17.7704
1982-04-01,-20.5134
1982-07-01,-23.9256
1982-10-01,-26.2232
1983-01-01,-24.8752
1983-04-01,-21.7148
1983-07-01,-20.4951
1983-10-01,-21.7406
1984-01-01,-14.6953
1984-04-01,-13.8471
1984-07-01,-14.2156
1984-10-01,-5.3161
1985-01-01,-3.3632
1985-04-01,1.5262
1985-07-01,13.6521
1985-10-01,16.2085
1986-01-01,12.2907
1986-04-01,7.6766
1986-07-01,6.2425
1986-10-01,7.5956
1987-01-01,15.3178
1987-04-01,20.5529
1987-07-01,18.6149
1987-10-01,12.604
1988-01-01,7.5853
1988-04-01,9.3476
1988-07-01,12.2888
1988-10-01,19.2924
1989-01-01,26.6007
1989-04-01,20.0127
1989-07-01,7.7376
1989-10-01,6.3661
1990-01-01,-1.0585
1990-04-01,-2.567
1990-07-01,4.8997
1990-10-01,2.6175
1991-01-01,3.6484
1991-04-01,14.5897
1991-07-01,30.1426
1991-10-01,40.5524
1992-01-01,45.9339
1992-04-01,41.8216
1992-07-01,23.6708
1992-10-01,6.8285
1993-01-01,-2.0381
1993-04-01,-3.5156
1993-07-01,1.741
1993-10-01,5.0628
1994-01-01,22.8403
1994-04-01,18.1716
1994-07-01,8.3433
1994-10-01,6.3558
1995-01-01,-9.7792
1995-04-01,-13.6908
1995-07-01,-17.3934
1995-10-01,-16.6116
1996-01-01,-8.9728
1996-04-01,-3.5004
1996-07-01,5.83
1996-10-01,18.0081
1997-01-01,32.476
1997-04-01,39.3098
1997-07-01,36.8587
1997-10-01,20.2214
1998-01-01,-13.0482
1998-04-01,-28.465
1998-07-01,-40.5393
1998-10-01,-38.0108
1999-01-01,-25.2761
1999-04-01,-14.5651
1999-07-01,2.2931
1999-10-01,-0.7738
2000-01-01,-0.6108
2000-04-01,-7.9169
2000-07-01,-9.8285
2000-10-01,-9.4406
2001-01-01,-14.6185
2001-04-01,-8.6007
2001-07-01,-9.0168
2001-10-01,-10.4163
2002-01-01,-6.4795
2002-04-01,-8.2014
2002-07-01,-9.6125
2002-10-01,-9.1113
2003-01-01,-13.2596
2003-04-01,-15.0847
2003-07-01,-10.2739
2003-10-01,1.1868
2004-01-01,19.468
2004-04-01,30.2046
2004-07-01,30.1953
2004-10-01,28.8629
2005-01-01,21.7139
2005-04-01,21.588
2005-07-01,18.6942
2005-10-01,6.7661
2006-01-01,0.2068
2006-04-01,-3.3253
2006-07-01,-3.0822
2006-10-01,1.3357
2007-01-01,3.7276
2007-04-01,6.1792
2007-07-01,10.3953
2007-10-01,17.2906
2008-01-01,23.836
2008-04-01,18.7277
2008-07-01,13.2007
2008-10-01,-6.7814
2009-01-01,-15.0298
2009-04-01,-6.9732
2009-07-01,4.127
2009-10-01,21.097
2010-01-01,27.6248
2010-04-01,21.7685
2010-07-01,19.3192
2010-10-01,18.8783
2011-01-01,19.7896
2011-04-01,20.6263
2011-07-01,12.8257
2011-10-01,6.1386
2012-01-01,0.5426
2012-04-01,4.4625
2012-07-01,10.8447
2012-10-01,19.5072
2013-01-01,23.68
2013-04-01,14.6263
2013-07-01,10.2025
2013-10-01,4.0714
2014-01-01,-1.244
2014-04-01,-0.9762
2014-07-01,1.464
2014-10-01,6.5388
2015-01-01,13.5445
2015-04-01,17.4056
2015-07-01,13.8983
2015-10-01,4.6594
2016-01-01,-7.5911
2016-04-01,-10.3085
2016-07-01,-8.327
2016-10-01,3.019
2017-01-01,14.0072
2017-04-01,18.7077
2017-07-01,15.618
2017-10-01,11.8558
2018-01-01,12.8977
2018-04-01,12.7558
2018-07-01,13.0111
2018-10-01,3.1857
2019-01-01,-0.9006
2019-04-01,-0.2052
2019-07-01,-4.4819
2019-10-01,0.3048
2020-01-01,0.369
2020-04-01,-4.2035
2020-07-01,0.6914
2020-10-01,0.4869
2021-01-01,0.9903
2021-04-01,1.6791
2021-07-01,1.4453
2021-10-01,1.5886
2022-01-01,-1.5736
2022-04-01,-3.6789
2022-07-01,-9.8403
2022-10-01,-15.1046
2023-01-01,-11.9553
2023-04-01,-10.5075
2023-07-01,-10.266
2023-10-01,-9.5712
2024-01-01,-13.2111
2024-04-01,-13.8329
2024-07-01,-15.1415
2024-10-01,-9.3817
2025-01-01,-8.0107
2025-04-01,-7.9531
2025-07-01,-1.8821
2025-10-01,1.1568
2026-01-01,6.1963
