Year,TFR,,
1905-06-07,1.79,,
1905-06-08,1.78,,
1905-06-09,1.81,,
1905-06-10,1.82,,
1905-06-11,1.79,,
1905-06-12,1.83,,
1905-06-13,1.82,,
1905-06-14,1.79,,
1905-06-15,1.76,,
1905-06-16,1.74,,
1905-06-17,1.71,,
1905-06-18,1.73,,
1905-06-19,1.72,,
1905-06-20,1.71,,
1905-06-21,1.68,,
1905-06-22,1.64,,
1905-06-23,1.63,,
1905-06-24,1.63,,
1905-06-25,1.70,,
1905-06-26,1.76,,
1905-06-27,1.76,,
1905-06-28,1.82,,
1905-06-29,1.87,,
1905-06-30,1.91,,
1905-07-01,1.89,,
1905-07-02,1.92,,
1905-07-03,1.91,,
1905-07-04,1.92,,
1905-07-05,1.83,,
1905-07-06,1.82,,
